{
	"nodes": {
		"0": {
			"x": 10.550488471984863,
			"y": 1.2948107719421387,
			"z": -1.5815571546554565
		},
		"1": {
			"x": 10.772140502929688,
			"y": -1.565413236618042,
			"z": -5.680354118347168
		},
		"2": {
			"x": 7.83806037902832,
			"y": -2.896440029144287,
			"z": -1.860199213027954
		},
		"3": {
			"x": 14.692627906799316,
			"y": -1.3242024183273315,
			"z": -2.59491229057312
		},
		"4": {
			"x": 6.458857536315918,
			"y": 3.841355085372925,
			"z": -0.24765916168689728
		},
		"5": {
			"x": 6.469356060028076,
			"y": 1.1490099430084229,
			"z": -4.462947368621826
		},
		"6": {
			"x": 9.101347923278809,
			"y": -3.8813724517822266,
			"z": 5.036126613616943
		},
		"7": {
			"x": 10.462498664855957,
			"y": -7.667816638946533,
			"z": 8.01758861541748
		},
		"8": {
			"x": 6.43379545211792,
			"y": -8.107447624206543,
			"z": 5.101156711578369
		},
		"9": {
			"x": 9.209683418273926,
			"y": -6.939802169799805,
			"z": 1.0886178016662598
		},
		"10": {
			"x": 5.030023574829102,
			"y": -1.2893128395080566,
			"z": 6.346640586853027
		},
		"11": {
			"x": 4.9049458503723145,
			"y": -4.2562408447265625,
			"z": 2.3290252685546875
		},
		"12": {
			"x": 2.3666296005249023,
			"y": -5.522749900817871,
			"z": 6.4467034339904785
		},
		"13": {
			"x": 6.556413173675537,
			"y": -5.150991916656494,
			"z": 9.141007423400879
		},
		"14": {
			"x": 0.9490033388137817,
			"y": -1.4135957956314087,
			"z": 3.4578053951263428
		},
		"15": {
			"x": 3.7463011741638184,
			"y": -0.3440142273902893,
			"z": -0.5465329885482788
		},
		"16": {
			"x": 7.832173824310303,
			"y": -0.20553982257843018,
			"z": 2.345227003097534
		},
		"17": {
			"x": 3.878844976425171,
			"y": 2.636392116546631,
			"z": 3.46560001373291
		},
		"18": {
			"x": 13.233687400817871,
			"y": -6.514537811279297,
			"z": 4.028858661651611
		},
		"19": {
			"x": 10.55323314666748,
			"y": -10.732661247253418,
			"z": 4.059847354888916
		},
		"20": {
			"x": 15.977928161621094,
			"y": -5.108273506164551,
			"z": 0.09995342791080475
		},
		"21": {
			"x": 11.767459869384766,
			"y": -2.646430492401123,
			"z": 1.2332991361618042
		},
		"22": {
			"x": 11.968193054199219,
			"y": -5.517679214477539,
			"z": -2.851914882659912
		},
		"23": {
			"x": 13.40929126739502,
			"y": -9.398883819580078,
			"z": -0.051025211811065674
		}
	},
	"edges": {
		"(1,2)": {
			"length": 5,
			"stiffness": 10,
			"damping": 0.5
		},
		"(3,1)": {
			"length": 5,
			"stiffness": 10,
			"damping": 0.5
		},
		"(0,3)": {
			"length": 5,
			"stiffness": 10,
			"damping": 0.5
		},
		"(0,1)": {
			"length": 5,
			"stiffness": 10,
			"damping": 0.5
		},
		"(4,5)": {
			"length": 5,
			"stiffness": 10,
			"damping": 0.5
		},
		"(2,5)": {
			"length": 5,
			"stiffness": 10,
			"damping": 0.5
		},
		"(0,5)": {
			"length": 5,
			"stiffness": 10,
			"damping": 0.5
		},
		"(0,4)": {
			"length": 5,
			"stiffness": 10,
			"damping": 0.5
		},
		"(0,2)": {
			"length": 5,
			"stiffness": 10,
			"damping": 0.5
		},
		"(7,8)": {
			"length": 5,
			"stiffness": 10,
			"damping": 0.5
		},
		"(9,6)": {
			"length": 5,
			"stiffness": 10,
			"damping": 0.5
		},
		"(9,8)": {
			"length": 5,
			"stiffness": 10,
			"damping": 0.5
		},
		"(6,7)": {
			"length": 5,
			"stiffness": 10,
			"damping": 0.5
		},
		"(11,12)": {
			"length": 5,
			"stiffness": 10,
			"damping": 0.5
		},
		"(13,10)": {
			"length": 5,
			"stiffness": 10,
			"damping": 0.5
		},
		"(13,12)": {
			"length": 5,
			"stiffness": 10,
			"damping": 0.5
		},
		"(10,12)": {
			"length": 5,
			"stiffness": 10,
			"damping": 0.5
		},
		"(8,11)": {
			"length": 5,
			"stiffness": 10,
			"damping": 0.5
		},
		"(8,12)": {
			"length": 5,
			"stiffness": 10,
			"damping": 0.5
		},
		"(8,13)": {
			"length": 5,
			"stiffness": 10,
			"damping": 0.5
		},
		"(6,13)": {
			"length": 5,
			"stiffness": 10,
			"damping": 0.5
		},
		"(6,11)": {
			"length": 5,
			"stiffness": 10,
			"damping": 0.5
		},
		"(6,10)": {
			"length": 5,
			"stiffness": 10,
			"damping": 0.5
		},
		"(6,8)": {
			"length": 5,
			"stiffness": 10,
			"damping": 0.5
		},
		"(17,16)": {
			"length": 5,
			"stiffness": 10,
			"damping": 0.5
		},
		"(17,15)": {
			"length": 5,
			"stiffness": 10,
			"damping": 0.5
		},
		"(15,14)": {
			"length": 5,
			"stiffness": 10,
			"damping": 0.5
		},
		"(14,17)": {
			"length": 5,
			"stiffness": 10,
			"damping": 0.5
		},
		"(15,17)": {
			"length": 5,
			"stiffness": 10,
			"damping": 0.5
		},
		"(16,4)": {
			"length": 5,
			"stiffness": 10,
			"damping": 0.5
		},
		"(16,2)": {
			"length": 5,
			"stiffness": 10,
			"damping": 0.5
		},
		"(16,0)": {
			"length": 5,
			"stiffness": 10,
			"damping": 0.5
		},
		"(15,5)": {
			"length": 5,
			"stiffness": 10,
			"damping": 0.5
		},
		"(15,4)": {
			"length": 5,
			"stiffness": 10,
			"damping": 0.5
		},
		"(15,2)": {
			"length": 5,
			"stiffness": 10,
			"damping": 0.5
		},
		"(15,16)": {
			"length": 5,
			"stiffness": 10,
			"damping": 0.5
		},
		"(11,14)": {
			"length": 5,
			"stiffness": 10,
			"damping": 0.5
		},
		"(11,16)": {
			"length": 5,
			"stiffness": 10,
			"damping": 0.5
		},
		"(11,15)": {
			"length": 5,
			"stiffness": 10,
			"damping": 0.5
		},
		"(10,14)": {
			"length": 5,
			"stiffness": 10,
			"damping": 0.5
		},
		"(10,16)": {
			"length": 5,
			"stiffness": 10,
			"damping": 0.5
		},
		"(10,17)": {
			"length": 5,
			"stiffness": 10,
			"damping": 0.5
		},
		"(10,11)": {
			"length": 5,
			"stiffness": 10,
			"damping": 0.5
		},
		"(19,18)": {
			"length": 5,
			"stiffness": 10,
			"damping": 0.5
		},
		"(18,9)": {
			"length": 5,
			"stiffness": 10,
			"damping": 0.5
		},
		"(18,7)": {
			"length": 5,
			"stiffness": 10,
			"damping": 0.5
		},
		"(18,6)": {
			"length": 5,
			"stiffness": 10,
			"damping": 0.5
		},
		"(19,7)": {
			"length": 5,
			"stiffness": 10,
			"damping": 0.5
		},
		"(19,8)": {
			"length": 5,
			"stiffness": 10,
			"damping": 0.5
		},
		"(19,9)": {
			"length": 5,
			"stiffness": 10,
			"damping": 0.5
		},
		"(20,21)": {
			"length": 5,
			"stiffness": 10,
			"damping": 0.5
		},
		"(22,23)": {
			"length": 5,
			"stiffness": 10,
			"damping": 0.5
		},
		"(22,20)": {
			"length": 5,
			"stiffness": 10,
			"damping": 0.5
		},
		"(22,21)": {
			"length": 5,
			"stiffness": 10,
			"damping": 0.5
		},
		"(23,20)": {
			"length": 5,
			"stiffness": 10,
			"damping": 0.5
		},
		"(22,1)": {
			"length": 5,
			"stiffness": 10,
			"damping": 0.5
		},
		"(22,2)": {
			"length": 5,
			"stiffness": 10,
			"damping": 0.5
		},
		"(22,3)": {
			"length": 5,
			"stiffness": 10,
			"damping": 0.5
		},
		"(21,3)": {
			"length": 5,
			"stiffness": 10,
			"damping": 0.5
		},
		"(21,0)": {
			"length": 5,
			"stiffness": 10,
			"damping": 0.5
		},
		"(21,2)": {
			"length": 5,
			"stiffness": 10,
			"damping": 0.5
		},
		"(21,22)": {
			"length": 5,
			"stiffness": 10,
			"damping": 0.5
		},
		"(18,20)": {
			"length": 5,
			"stiffness": 10,
			"damping": 0.5
		},
		"(18,21)": {
			"length": 5,
			"stiffness": 10,
			"damping": 0.5
		},
		"(18,23)": {
			"length": 5,
			"stiffness": 10,
			"damping": 0.5
		},
		"(9,22)": {
			"length": 5,
			"stiffness": 10,
			"damping": 0.5
		},
		"(9,23)": {
			"length": 5,
			"stiffness": 10,
			"damping": 0.5
		},
		"(9,21)": {
			"length": 5,
			"stiffness": 10,
			"damping": 0.5
		},
		"(9,18)": {
			"length": 5,
			"stiffness": 10,
			"damping": 0.5
		}
	},
	"groups": {
		"0": [
			"(1,2)"
		],
		"1": [],
		"2": [],
		"3": [],
		"4": [
			"(3,1)"
		],
		"5": [
			"(0,3)"
		],
		"6": [],
		"7": [],
		"8": [
			"(0,1)"
		],
		"9": [],
		"10": [],
		"11": [],
		"12": [],
		"13": [],
		"14": [],
		"15": [],
		"16": [],
		"17": [],
		"18": [],
		"19": [
			"(4,5)"
		],
		"20": [],
		"21": [],
		"22": [],
		"23": [
			"(2,5)"
		],
		"24": [],
		"25": [],
		"26": [],
		"27": [],
		"28": [
			"(0,5)"
		],
		"29": [
			"(0,4)"
		],
		"30": [
			"(0,2)"
		],
		"31": [
			"(7,8)"
		],
		"32": [],
		"33": [],
		"34": [],
		"35": [],
		"36": [],