{
	"nodes": {
		"0": {
			"x": -1.3445749282836914,
			"y": 4.564789295196533,
			"z": -0.5897960066795349
		},
		"1": {
			"x": 1.5194200277328491,
			"y": -1.790281057357788,
			"z": 0.5940407514572144
		},
		"2": {
			"x": 1.0782679319381714,
			"y": 1.2029039859771729,
			"z": -3.387427568435669
		},
		"3": {
			"x": -2.989213228225708,
			"y": -0.15181909501552582,
			"z": -0.8145872950553894
		},
		"4": {
			"x": 3.1635677814483643,
			"y": 2.9249188899993896,
			"z": 0.8187644481658936
		},
		"5": {
			"x": -0.9055459499359131,
			"y": 1.5715830326080322,
			"z": 3.391052484512329
		}
	},
	"edges": {
		"(2,3)": {
			"length": 5,
			"stiffness": 10,
			"damping": 0.5
		},
		"(4,5)": {
			"length": 5,
			"stiffness": 10,
			"damping": 0.5
		},
		"(2,1)": {
			"length": 5,
			"stiffness": 10,
			"damping": 0.5
		},
		"(1,3)": {
			"length": 5,
			"stiffness": 10,
			"damping": 0.5
		},
		"(4,2)": {
			"length": 5,
			"stiffness": 10,
			"damping": 0.5
		},
		"(0,4)": {
			"length": 5,
			"stiffness": 10,
			"damping": 0.5
		},
		"(5,0)": {
			"length": 5,
			"stiffness": 10,
			"damping": 0.5
		},
		"(5,3)": {
			"length": 5,
			"stiffness": 10,
			"damping": 0.5
		},
		"(0,2)": {
			"length": 5,
			"stiffness": 10,
			"damping": 0.5
		},
		"(0,3)": {
			"length": 5,
			"stiffness": 10,
			"damping": 0.5
		},
		"(1,5)": {
			"length": 5,
			"stiffness": 10,
			"damping": 0.5
		},
		"(1,4)": {
			"length": 5,
			"stiffness": 10,
			"damping": 0.5
		}
	},
	"groups": {
		"0": [
			"(2,3)"
		],
		"1": [
			"(4,5)"
		],
		"2": [
			"(2,1)"
		],
		"3": [
			"(1,3)"
		],
		"4": [
			"(4,2)"
		],
		"5": [
			"(0,4)"
		],
		"6": [
			"(5,0)"
		],
		"7": [
			"(5,3)"
		],
		"8": [
			"(0,2)"
		],
		"9": [
			"(0,3)"
		],
		"10": [
			"(1,5)"
		],
		"11": [
			"(1,4)"
		]
	}
}