{
	"nodes": {
		"0": {
			"x": 1.58334481716156,
			"y": -0.20088869333267212,
			"z": -0.5198034644126892
		},
		"1": {
			"x": 4.1507158279418945,
			"y": 5.036067008972168,
			"z": -1.4947994947433472
		},
		"2": {
			"x": 6.877814769744873,
			"y": 1.0187950134277344,
			"z": 2.027656078338623
		},
		"3": {
			"x": 1.9118009805679321,
			"y": 3.7940073013305664,
			"z": 3.9364845752716064
		},
		"4": {
			"x": -0.48520851135253906,
			"y": -0.5985943078994751,
			"z": 4.043366432189941
		},
		"5": {
			"x": -1.977945327758789,
			"y": 2.956312656402588,
			"z": 0.9082355499267578
		},
		"6": {
			"x": -2.8365440368652344,
			"y": -0.50408935546875,
			"z": -2.634746789932251
		},
		"7": {
			"x": -0.09028885513544083,
			"y": 3.593107223510742,
			"z": -3.555788516998291
		},
		"8": {
			"x": 4.002570629119873,
			"y": 1.0736538171768188,
			"z": -4.6783013343811035
		},
		"9": {
			"x": 2.1803042888641357,
			"y": 4.340415954589844,
			"z": -7.9427571296691895
		},
		"10": {
			"x": -0.43757760524749756,
			"y": 0.14047732949256897,
			"z": -6.989442825317383
		},
		"11": {
			"x": -4.4759087562561035,
			"y": 3.005472421646118,
			"z": -5.747598648071289
		},
		"12": {
			"x": 1.7262526750564575,
			"y": 0.8079938888549805,
			"z": -11.447465896606445
		},
		"13": {
			"x": -2.219855546951294,
			"y": 3.575735330581665,
			"z": -10.106954574584961
		},
		"14": {
			"x": -4.901557445526123,
			"y": -0.5659562945365906,
			"z": -9.16551399230957
		},
		"15": {
			"x": -6.497078895568848,
			"y": 2.5589139461517334,
			"z": -1.2032583951950073
		},
		"16": {
			"x": -4.969917297363281,
			"y": -1.0062756538391113,
			"z": 1.86194908618927
		},
		"17": {
			"x": -4.23015832901001,
			"y": 2.5131540298461914,
			"z": 5.291328430175781
		},
		"18": {
			"x": -9.486760139465332,
			"y": -1.3483786582946777,
			"z": -0.3205544650554657
		},
		"19": {
			"x": -7.064416885375977,
			"y": -1.4634886980056763,
			"z": 6.37936544418335
		},
		"20": {
			"x": -8.731035232543945,
			"y": 2.043822765350342,
			"z": 3.2351293563842773
		},
		"21": {
			"x": -7.28726863861084,
			"y": -0.9710836410522461,
			"z": -4.764278888702393
		},
		"22": {
			"x": -8.828001976013184,
			"y": 2.375598430633545,
			"z": -8.123006820678711
		},
		"23": {
			"x": -10.885170936584473,
			"y": 2.2410473823547363,
			"z": -3.551431894302368
		},
		"24": {
			"x": -11.819849014282227,
			"y": -1.415813684463501,
			"z": -6.829406261444092
		}
	},
	"edges": {
		"(0,1)": {
			"length": 6,
			"stiffness": 10,
			"damping": 0.5
		},
		"(0,2)": {
			"length": 6,
			"stiffness": 10,
			"damping": 0.5
		},
		"(0,3)": {
			"length": 6,
			"stiffness": 10,
			"damping": 0.5
		},
		"(1,2)": {
			"length": 6,
			"stiffness": 10,
			"damping": 0.5
		},
		"(1,3)": {
			"length": 6,
			"stiffness": 10,
			"damping": 0.5
		},
		"(2,3)": {
			"length": 6,
			"stiffness": 10,
			"damping": 0.5
		},
		"(1,7)": {
			"length": 5,
			"stiffness": 10,
			"damping": 0.5
		},
		"(7,8)": {
			"length": 5,
			"stiffness": 10,
			"damping": 0.5
		},
		"(8,1)": {
			"length": 5,
			"stiffness": 10,
			"damping": 0.5
		},
		"(7,0)": {
			"length": 5,
			"stiffness": 10,
			"damping": 0.5
		},
		"(8,0)": {
			"length": 5,
			"stiffness": 10,
			"damping": 0.5
		},
		"(7,6)": {
			"length": 5,
			"stiffness": 10,
			"damping": 0.5
		},
		"(6,5)": {
			"length": 5,
			"stiffness": 10,
			"damping": 0.5
		},
		"(5,7)": {
			"length": 5,
			"stiffness": 10,
			"damping": 0.5
		},
		"(5,0)": {
			"length": 5,
			"stiffness": 10,
			"damping": 0.5
		},
		"(0,6)": {
			"length": 5,
			"stiffness": 10,
			"damping": 0.5
		},
		"(0,4)": {
			"length": 5,
			"stiffness": 10,
			"damping": 0.5
		},
		"(5,4)": {
			"length": 5,
			"stiffness": 10,
			"damping": 0.5
		},
		"(4,3)": {
			"length": 5,
			"stiffness": 10,
			"damping": 0.5
		},
		"(3,5)": {
			"length": 5,
			"stiffness": 10,
			"damping": 0.5
		},
		"(7,10)": {
			"length": 5,
			"stiffness": 10,
			"damping": 0.5
		},
		"(10,9)": {
			"length": 5,
			"stiffness": 10,
			"damping": 0.5
		},
		"(9,12)": {
			"length": 5,
			"stiffness": 10,
			"damping": 0.5
		},
		"(12,13)": {
			"length": 5,
			"stiffness": 10,
			"damping": 0.5
		},
		"(10,13)": {
			"length": 5,
			"stiffness": 10,
			"damping": 0.5
		},
		"(10,11)": {
			"length": 5,
			"stiffness": 10,
			"damping": 0.5
		},
		"(11,14)": {
			"length": 5,
			"stiffness": 10,
			"damping": 0.5
		},
		"(14,13)": {
			"length": 5,
			"stiffness": 10,
			"damping": 0.5
		},
		"(11,6)": {
			"length": 5,
			"stiffness": 10,
			"damping": 0.5
		},
		"(8,9)": {
			"length": 5,
			"stiffness": 10,
			"damping": 0.5
		},
		"(8,10)": {
			"length": 5,
			"stiffness": 10,
			"damping": 0.5
		},
		"(9,7)": {
			"length": 5,
			"stiffness": 10,
			"damping": 0.5
		},
		"(9,13)": {
			"length": 5,
			"stiffness": 10,
			"damping": 0.5
		},
		"(12,10)": {
			"length": 5,
			"stiffness": 10,
			"damping": 0.5
		},
		"(10,14)": {
			"length": 5,
			"stiffness": 10,
			"damping": 0.5
		},
		"(10,6)": {
			"length": 5,
			"stiffness": 10,
			"damping": 0.5
		},
		"(7,11)": {
			"length": 5,
			"stiffness": 10,
			"damping": 0.5
		},
		"(11,13)": {
			"length": 5,
			"stiffness": 10,
			"damping": 0.5
		},
		"(18,20)": {
			"length": 5,
			"stiffness": 10,
			"damping": 0.5
		},
		"(20,19)": {
			"length": 5,
			"stiffness": 10,
			"damping": 0.5
		},
		"(19,17)": {
			"length": 5,
			"stiffness": 10,
			"damping": 0.5
		},
		"(17,16)": {
			"length": 5,
			"stiffness": 10,
			"damping": 0.5
		},
		"(16,15)": {
			"length": 5,
			"stiffness": 10,
			"damping": 0.5
		},
		"(15,21)": {
			"length": 5,
			"stiffness": 10,
			"damping": 0.5
		},
		"(18,23)": {
			"length": 5,
			"stiffness": 10,
			"damping": 0.5
		},
		"(15,6)": {
			"length": 5,
			"stiffness": 10,
			"damping": 0.5
		},
		"(16,5)": {
			"length": 5,
			"stiffness": 10,
			"damping": 0.5
		},
		"(17,4)": {
			"length": 5,
			"stiffness": 10,
			"damping": 0.5
		},
		"(21,11)": {
			"length": 5,
			"stiffness": 10,
			"damping": 0.5
		},
		"(22,14)": {
			"length": 5,
			"stiffness": 10,
			"damping": 0.5
		},
		"(22,21)": {
			"length": 5,
			"stiffness": 10,
			"damping": 0.5
		},
		"(24,22)": {
			"length": 5,
			"stiffness": 10,
			"damping": 0.5
		},
		"(23,24)": {
			"length": 5,
			"stiffness": 10,
			"damping": 0.5
		},
		"(23,21)": {
			"length": 5,
			"stiffness": 10,
			"damping": 0.5
		},
		"(18,15)": {
			"length": 5,
			"stiffness": 10,
			"damping": 0.5
		},
		"(20,16)": {
			"length": 5,
			"stiffness": 10,
			"damping": 0.5
		},
		"(16,6)": {
			"length": 5,
			"stiffness": 10,
			"damping": 0.5
		},
		"(5,15)": {
			"length": 5,
			"stiffness": 10,
			"damping": 0.5
		},
		"(17,5)": {
			"length": 5,
			"stiffness": 10,
			"damping": 0.5
		},
		"(4,16)": {
			"length": 5,
			"stiffness": 10,
			"damping": 0.5
		},
		"(17,20)": {
			"length": 5,
			"stiffness": 10,
			"damping": 0.5
		},
		"(19,16)": {
			"length": 5,
			"stiffness": 10,
			"damping": 0.5
		},
		"(20,15)": {
			"length": 5,
			"stiffness": 10,
			"damping": 0.5
		},
		"(16,18)": {
			"length": 5,
			"stiffness": 10,
			"damping": 0.5
		},
		"(18,21)": {
			"length": 5,
			"stiffness": 10,
			"damping": 0.5
		},
		"(15,23)": {
			"length": 5,
			"stiffness": 10,
			"damping": 0.5
		},
		"(15,11)": {
			"length": 5,
			"stiffness": 10,
			"damping": 0.5
		},
		"(6,21)": {
			"length": 5,
			"stiffness": 10,
			"damping": 0.5
		},
		"(22,11)": {
			"length": 5,
			"stiffness": 10,
			"damping": 0.5
		},
		"(14,21)": {
			"length": 5,
			"stiffness": 10,
			"damping": 0.5
		},
		"(22,23)": {
			"length": 5,
			"stiffness": 10,
			"damping": 0.5
		},
		"(24,21)": {
			"length": 5,
			"stiffness": 10,
			"damping": 0.5
		},
		"(7,13)": {
			"length": 6.8004296875,
			"stiffness": 10,
			"damping": 0.5
		},
		"(1,5)": {
			"length": 6.8004296875,
			"stiffness": 10,
			"damping": 0.5
		},
		"(17,15)": {
			"length": 6.8004296875,
			"stiffness": 10,
			"damping": 0.5
		},