{
	"nodes": {
		"0": {
			"x": 4.921759128570557,
			"y": 4.254947662353516,
			"z": 0.023832257837057114
		},
		"1": {
			"x": 9.93106460571289,
			"y": -0.7199118137359619,
			"z": 0.3536303639411926
		},
		"2": {
			"x": 7.55839729309082,
			"y": 1.664921760559082,
			"z": -3.343226432800293
		},
		"3": {
			"x": 4.9307122230529785,
			"y": -0.7428728342056274,
			"z": 0.16323275864124298
		},
		"4": {
			"x": 9.915478706359863,
			"y": 4.277853012084961,
			"z": 0.21123704314231873
		},
		"5": {
			"x": 7.291655540466309,
			"y": 1.8642847537994385,
			"z": 3.719745635986328
		},
		"6": {
			"x": -0.03963158652186394,
			"y": 4.238246440887451,
			"z": -0.574148416519165
		},
		"7": {
			"x": 2.8668596744537354,
			"y": 1.6486685276031494,
			"z": -3.714805841445923
		},
		"8": {
			"x": -0.037243928760290146,
			"y": -0.7597742676734924,
			"z": -0.43728208541870117
		},
		"9": {
			"x": 2.0202901363372803,
			"y": 1.84076726436615,
			"z": 3.302365303039551
		}
	},
	"edges": {
		"(2,3)": {
			"length": 5,
			"stiffness": 10,
			"damping": 0.5
		},
		"(4,5)": {
			"length": 5,
			"stiffness": 10,
			"damping": 0.5
		},
		"(2,1)": {
			"length": 5,
			"stiffness": 10,
			"damping": 0.5
		},
		"(1,3)": {
			"length": 5,
			"stiffness": 10,
			"damping": 0.5
		},
		"(4,2)": {
			"length": 5,
			"stiffness": 10,
			"damping": 0.5
		},
		"(0,4)": {
			"length": 5,
			"stiffness": 10,
			"damping": 0.5
		},
		"(5,0)": {
			"length": 5,
			"stiffness": 10,
			"damping": 0.5
		},
		"(5,3)": {
			"length": 5,
			"stiffness": 10,
			"damping": 0.5
		},
		"(0,2)": {
			"length": 5,
			"stiffness": 10,
			"damping": 0.5
		},
		"(0,3)": {
			"length": 5,
			"stiffness": 10,
			"damping": 0.5
		},
		"(1,5)": {
			"length": 5,
			"stiffness": 10,
			"damping": 0.5
		},
		"(1,4)": {
			"length": 5,
			"stiffness": 10,
			"damping": 0.5
		},
		"(7,8)": {
			"length": 5,
			"stiffness": 10,
			"damping": 0.5
		},
		"(9,6)": {
			"length": 5,
			"stiffness": 10,
			"damping": 0.5
		},
		"(9,8)": {
			"length": 5,
			"stiffness": 10,
			"damping": 0.5
		},
		"(6,7)": {
			"length": 5,
			"stiffness": 10,
			"damping": 0.5
		},
		"(6,8)": {
			"length": 5,
			"stiffness": 10,
			"damping": 0.5
		},
		"(3,7)": {
			"length": 5,
			"stiffness": 10,
			"damping": 0.5
		},
		"(3,8)": {
			"length": 5,
			"stiffness": 10,
			"damping": 0.5
		},
		"(3,9)": {
			"length": 5,
			"stiffness": 10,
			"damping": 0.5
		},
		"(0,9)": {
			"length": 5,
			"stiffness": 10,
			"damping": 0.5
		},
		"(0,7)": {
			"length": 5,
			"stiffness": 10,
			"damping": 0.5
		},
		"(0,6)": {
			"length": 5,
			"stiffness": 10,
			"damping": 0.5
		}
	},
	"groups": {
		"0": [
			"(2,3)"
		],
		"1": [
			"(4,5)"
		],
		"2": [
			"(2,1)"
		],
		"3": [
			"(1,3)"
		],
		"4": [
			"(4,2)"
		],
		"5": [
			"(0,4)"
		],
		"6": [
			"(5,0)"
		],
		"7": [
			"(5,3)"
		],
		"8": [
			"(0,2)"
		],
		"9": [
			"(0,3)"
		],
		"10": [
			"(1,5)"
		],
		"11": [
			"(1,4)"
		],
		"12": [
			"(7,8)"
		],
		"13": [],
		"14": [],
		"15": [],
		"16": [],
		"17": [],
		"18": [
			"(9,6)"
		],
		"19": [
			"(9,8)"
		],
		"20": [
			"(6,7)"
		],
		"21": [
			"(6,8)"
		],
		"22": [],
		"23": [],
		"24": [
			"(3,7)"
		],
		"25": [
			"(3,8)"
		],
		"26": [
			"(3,9)"
		],
		"27": [],
		"28": [
			"(0,9)"
		],
		"29": [
			"(0,7)"
		],
		"30": [
			"(0,6)"
		],
		"31": [
			"(0,3)"
		]
	}
}