{
	"nodes": {
		"0": {
			"x": 6.978507041931152,
			"y": 4.146624565124512,
			"z": -0.4851246476173401
		},
		"1": {
			"x": 11.553844451904297,
			"y": -1.243568778038025,
			"z": -0.5953019857406616
		},
		"2": {
			"x": 9.399945259094238,
			"y": 1.6371886730194092,
			"z": -4.068331241607666
		},
		"3": {
			"x": 6.573832988739014,
			"y": -0.8292559385299683,
			"z": -0.762310802936554
		},
		"4": {
			"x": 11.958517074584961,
			"y": 3.7323145866394043,
			"z": -0.31811362504959106
		},
		"5": {
			"x": 9.132413864135742,
			"y": 1.2658684253692627,
			"z": 2.987905502319336
		},
		"6": {
			"x": 2.0578525066375732,
			"y": 4.589633464813232,
			"z": -1.253831386566162
		},
		"7": {
			"x": 4.874140739440918,
			"y": 2.0290820598602295,
			"z": -4.496067047119141
		},
		"8": {
			"x": 1.6531766653060913,
			"y": -0.38625118136405945,
			"z": -1.5310145616531372
		},
		"9": {
			"x": 3.7575392723083496,
			"y": 1.73129141330719,
			"z": 2.4799256324768066
		},
		"10": {
			"x": 5.870351314544678,
			"y": 3.6977651119232178,
			"z": 11.076608657836914
		},
		"11": {
			"x": 11.716096878051758,
			"y": 0.23461619019508362,
			"z": 9.118617057800293
		},
		"12": {
			"x": 8.422710418701172,
			"y": 3.201876163482666,
			"z": 6.80583381652832
		},
		"13": {
			"x": 6.838872909545898,
			"y": -0.8577683568000793,
			"z": 9.257521629333496
		},
		"14": {
			"x": 10.747576713562012,
			"y": 4.790143013000488,
			"z": 10.93771743774414
		},
		"15": {
			"x": 9.163737297058105,
			"y": 0.7305036187171936,
			"z": 13.389400482177734
		},
		"16": {
			"x": 0.9678196310997009,
			"y": 2.8610780239105225,
			"z": 10.5617094039917
		},
		"17": {
			"x": 4.019826412200928,
			"y": 2.333390712738037,
			"z": 6.636560916900635
		},
		"18": {
			"x": 1.9363411664962769,
			"y": -1.6944584846496582,
			"z": 8.74263858795166
		},
		"19": {
			"x": 3.7868714332580566,
			"y": -0.3300798833370209,
			"z": 13.182685852050781
		},
		"20": {
			"x": -5.6135149002075195,
			"y": -2.865104913711548,
			"z": 1.3457549810409546
		},
		"21": {
			"x": -4.471253395080566,
			"y": -0.6930007338523865,
			"z": 5.702037334442139
		},
		"22": {
			"x": -6.915903091430664,
			"y": 1.8885269165039062,
			"z": 2.1864426136016846
		},
		"23": {
			"x": -3.302079916000366,
			"y": 0.8308404684066772,
			"z": -1.1031763553619385
		},
		"24": {
			"x": -0.8574333190917969,
			"y": -1.7506879568099976,
			"z": 2.412418842315674
		},
		"25": {
			"x": -2.1598243713378906,
			"y": 3.002946615219116,
			"z": 3.2531068325042725
		}
	},
	"edges": {
		"(2,3)": {
			"length": 5,
			"stiffness": 10,
			"damping": 0.5
		},
		"(4,5)": {
			"length": 5,
			"stiffness": 10,
			"damping": 0.5
		},
		"(2,1)": {
			"length": 5,
			"stiffness": 10,
			"damping": 0.5
		},
		"(1,3)": {
			"length": 5,
			"stiffness": 10,
			"damping": 0.5
		},
		"(4,2)": {
			"length": 5,
			"stiffness": 10,
			"damping": 0.5
		},
		"(0,4)": {
			"length": 5,
			"stiffness": 10,
			"damping": 0.5
		},
		"(5,0)": {
			"length": 5,
			"stiffness": 10,
			"damping": 0.5
		},
		"(5,3)": {
			"length": 5,
			"stiffness": 10,
			"damping": 0.5
		},
		"(0,2)": {
			"length": 5,
			"stiffness": 10,
			"damping": 0.5
		},
		"(1,5)": {
			"length": 5,
			"stiffness": 10,
			"damping": 0.5
		},
		"(1,4)": {
			"length": 5,
			"stiffness": 10,
			"damping": 0.5
		},
		"(7,8)": {
			"length": 5,
			"stiffness": 10,
			"damping": 0.5
		},
		"(9,6)": {
			"length": 5,
			"stiffness": 10,
			"damping": 0.5
		},
		"(9,8)": {
			"length": 5,
			"stiffness": 10,
			"damping": 0.5
		},
		"(6,7)": {
			"length": 5,
			"stiffness": 10,
			"damping": 0.5
		},
		"(6,8)": {
			"length": 5,
			"stiffness": 10,
			"damping": 0.5
		},
		"(3,7)": {
			"length": 5,
			"stiffness": 10,
			"damping": 0.5
		},
		"(3,8)": {
			"length": 5,
			"stiffness": 10,
			"damping": 0.5
		},
		"(3,9)": {
			"length": 5,
			"stiffness": 10,
			"damping": 0.5
		},
		"(0,9)": {
			"length": 5,
			"stiffness": 10,
			"damping": 0.5
		},
		"(0,7)": {
			"length": 5,
			"stiffness": 10,
			"damping": 0.5
		},
		"(0,6)": {
			"length": 5,
			"stiffness": 10,
			"damping": 0.5
		},
		"(0,3)": {
			"length": 5,
			"stiffness": 10,
			"damping": 0.5
		},
		"(12,13)": {
			"length": 5,
			"stiffness": 10,
			"damping": 0.5
		},
		"(14,15)": {
			"length": 5,
			"stiffness": 10,
			"damping": 0.5
		},
		"(12,11)": {
			"length": 5,
			"stiffness": 10,
			"damping": 0.5
		},
		"(11,13)": {
			"length": 5,
			"stiffness": 10,
			"damping": 0.5
		},
		"(14,12)": {
			"length": 5,
			"stiffness": 10,
			"damping": 0.5
		},
		"(10,14)": {
			"length": 5,
			"stiffness": 10,
			"damping": 0.5
		},
		"(15,10)": {
			"length": 5,
			"stiffness": 10,
			"damping": 0.5
		},
		"(15,13)": {
			"length": 5,
			"stiffness": 10,
			"damping": 0.5
		},
		"(10,12)": {
			"length": 5,
			"stiffness": 10,
			"damping": 0.5
		},
		"(11,15)": {
			"length": 5,
			"stiffness": 10,
			"damping": 0.5
		},
		"(11,14)": {
			"length": 5,
			"stiffness": 10,
			"damping": 0.5
		},
		"(17,18)": {
			"length": 5,
			"stiffness": 10,
			"damping": 0.5
		},
		"(19,16)": {
			"length": 5,
			"stiffness": 10,
			"damping": 0.5
		},
		"(19,18)": {
			"length": 5,
			"stiffness": 10,
			"damping": 0.5
		},
		"(16,17)": {
			"length": 5,
			"stiffness": 10,
			"damping": 0.5
		},
		"(16,18)": {
			"length": 5,
			"stiffness": 10,
			"damping": 0.5
		},
		"(13,17)": {
			"length": 5,
			"stiffness": 10,
			"damping": 0.5
		},
		"(13,18)": {
			"length": 5,
			"stiffness": 10,
			"damping": 0.5
		},
		"(13,19)": {
			"length": 5,
			"stiffness": 10,
			"damping": 0.5
		},
		"(10,19)": {
			"length": 5,
			"stiffness": 10,
			"damping": 0.5
		},
		"(10,17)": {
			"length": 5,
			"stiffness": 10,
			"damping": 0.5
		},
		"(10,16)": {
			"length": 5,
			"stiffness": 10,
			"damping": 0.5
		},
		"(10,13)": {
			"length": 5,
			"stiffness": 10,
			"damping": 0.5
		},
		"(21,20)": {
			"length": 5,
			"stiffness": 10,
			"damping": 0.5
		},
		"(20,22)": {
			"length": 5,
			"stiffness": 10,
			"damping": 0.5
		},
		"(21,22)": {
			"length": 5,
			"stiffness": 10,
			"damping": 0.5
		},
		"(25,24)": {
			"length": 5,
			"stiffness": 10,
			"damping": 0.5
		},
		"(24,21)": {
			"length": 5,
			"stiffness": 10,
			"damping": 0.5
		},
		"(25,23)": {
			"length": 5,
			"stiffness": 10,
			"damping": 0.5
		},
		"(23,24)": {
			"length": 5,
			"stiffness": 10,
			"damping": 0.5
		},
		"(20,24)": {
			"length": 5,
			"stiffness": 10,
			"damping": 0.5
		},
		"(23,22)": {
			"length": 5,
			"stiffness": 10,
			"damping": 0.5
		},
		"(22,25)": {
			"length": 5,
			"stiffness": 10,
			"damping": 0.5
		},
		"(21,25)": {
			"length": 5,
			"stiffness": 10,
			"damping": 0.5
		},
		"(23,20)": {
			"length": 5,
			"stiffness": 10,
			"damping": 0.5
		},
		"(23,25)": {
			"length": 5,
			"stiffness": 10,
			"damping": 0.5
		}
	},
	"groups": {
		"0": [
			"(2,3)"
		],
		"1": [
			"(4,5)"
		],
		"2": [
			"(2,1)"
		],
		"3": [
			"(1,3)"
		],
		"4": [
			"(4,2)"
		],
		"5": [
			"(0,4)"
		],
		"6": [
			"(5,0)"
		],
		"7": [
			"(5,3)"
		],
		"8": [
			"(0,2)"
		],
		"9": [
			"(1,5)"
		],
		"10": [
			"(1,4)"
		],
		"11": [
			"(7,8)"
		],
		"12": [],
		"13": [],
		"14": [],
		"15": [],
		"16": [],
		"17": [
			"(9,6)"
		],
		"18": [
			"(9,8)"
		],
		"19": [
			"(6,7)"
		],
		"20": [
			"(6,8)"
		],
		"21": [],
		"22": [],
		"23": [
			"(3,7)"
		],
		"24": [
			"(3,8)"
		],
		"25": [
			"(3,9)"
		],
		"26": [],
		"27": [
			"(0,9)"
		],
		"28": [
			"(0,7)"
		],
		"29": [
			"(0,6)"
		],
		"30": [
			"(0,3)"
		],
		"31": [
			"(12,13)"
		],
		"32": [
			"(14,15)"
		],
		"33": [
			"(12,11)"
		],
		"34": [
			"(11,13)"
		],
		"35": [
			"(14,12)"
		],
		"36": [
			"(10,14)"
		],
		"37": [
			"(15,10)"
		],
		"38": [
			"(15,13)"
		],
		"39": [
			"(10,12)"
		],
		"40": [
			"(11,15)"
		],
		"41": [
			"(11,14)"
		],
		"42": [
			"(17,18)"
		],
		"43": [],
		"44": [],
		"45": [],
		"46": [],
		"47": [],
		"48": [
			"(19,16)"
		],