{
	"nodes": {
		"0": {
			"x": 6.978507041931152,
			"y": 4.146624565124512,
			"z": -0.48512452840805054
		},
		"1": {
			"x": 11.553844451904297,
			"y": -1.243568778038025,
			"z": -0.5953019857406616
		},
		"2": {
			"x": 9.399945259094238,
			"y": 1.6371886730194092,
			"z": -4.068331241607666
		},
		"3": {
			"x": 6.573832988739014,
			"y": -0.8292559385299683,
			"z": -0.762310802936554
		},
		"4": {
			"x": 11.958517074584961,
			"y": 3.7323145866394043,
			"z": -0.31811362504959106
		},
		"5": {
			"x": 9.132413864135742,
			"y": 1.2658684253692627,
			"z": 2.987905502319336
		},
		"6": {
			"x": 2.0578525066375732,
			"y": 4.589633464813232,
			"z": -1.253831386566162
		},
		"7": {
			"x": 4.874140739440918,
			"y": 2.0290820598602295,
			"z": -4.496067047119141
		},
		"8": {
			"x": 1.6531766653060913,
			"y": -0.38625118136405945,
			"z": -1.5310145616531372
		},
		"9": {
			"x": 3.7575392723083496,
			"y": 1.73129141330719,
			"z": 2.4799256324768066
		},
		"10": {
			"x": 5.867847442626953,
			"y": 3.7067041397094727,
			"z": 11.080227851867676
		},
		"11": {
			"x": 11.717046737670898,
			"y": 0.23335450887680054,
			"z": 9.123689651489258
		},
		"12": {
			"x": 8.40548324584961,
			"y": 3.1888599395751953,
			"z": 6.816564083099365
		},
		"13": {
			"x": 6.839788436889648,
			"y": -0.8680518865585327,
			"z": 9.253460884094238
		},
		"14": {
			"x": 10.74925422668457,
			"y": 4.7912678718566895,
			"z": 10.931995391845703
		},
		"15": {
			"x": 9.146366119384766,
			"y": 0.7356553673744202,
			"z": 13.386630058288574
		},
		"16": {
			"x": 0.9719554781913757,
			"y": 2.8606314659118652,
			"z": 10.5625
		},
		"17": {
			"x": 4.025744915008545,
			"y": 2.3389039039611816,
			"z": 6.641590595245361
		},
		"18": {
			"x": 1.9381065368652344,
			"y": -1.689453125,
			"z": 8.735261917114258
		},
		"19": {
			"x": 3.808656692504883,
			"y": -0.33080700039863586,
			"z": 13.177347183227539
		}
	},
	"edges": {
		"(2,3)": {
			"length": 5,
			"stiffness": 10,
			"damping": 0.5
		},
		"(4,5)": {
			"length": 5,
			"stiffness": 10,
			"damping": 0.5
		},
		"(2,1)": {
			"length": 5,
			"stiffness": 10,
			"damping": 0.5
		},
		"(1,3)": {
			"length": 5,
			"stiffness": 10,
			"damping": 0.5
		},
		"(4,2)": {
			"length": 5,
			"stiffness": 10,
			"damping": 0.5
		},
		"(0,4)": {
			"length": 5,
			"stiffness": 10,
			"damping": 0.5
		},
		"(5,0)": {
			"length": 5,
			"stiffness": 10,
			"damping": 0.5
		},
		"(5,3)": {
			"length": 5,
			"stiffness": 10,
			"damping": 0.5
		},
		"(0,2)": {
			"length": 5,
			"stiffness": 10,
			"damping": 0.5
		},
		"(1,5)": {
			"length": 5,
			"stiffness": 10,
			"damping": 0.5
		},
		"(1,4)": {
			"length": 5,
			"stiffness": 10,
			"damping": 0.5
		},
		"(7,8)": {
			"length": 5,
			"stiffness": 10,
			"damping": 0.5
		},
		"(9,6)": {
			"length": 5,
			"stiffness": 10,
			"damping": 0.5
		},
		"(9,8)": {
			"length": 5,
			"stiffness": 10,
			"damping": 0.5
		},
		"(6,7)": {
			"length": 5,
			"stiffness": 10,
			"damping": 0.5
		},
		"(6,8)": {
			"length": 5,
			"stiffness": 10,
			"damping": 0.5
		},
		"(3,7)": {
			"length": 5,
			"stiffness": 10,
			"damping": 0.5
		},
		"(3,8)": {
			"length": 5,
			"stiffness": 10,
			"damping": 0.5
		},
		"(3,9)": {
			"length": 5,
			"stiffness": 10,
			"damping": 0.5
		},
		"(0,9)": {
			"length": 5,
			"stiffness": 10,
			"damping": 0.5
		},
		"(0,7)": {
			"length": 5,
			"stiffness": 10,
			"damping": 0.5
		},
		"(0,6)": {
			"length": 5,
			"stiffness": 10,
			"damping": 0.5
		},
		"(0,3)": {
			"length": 5,
			"stiffness": 10,
			"damping": 0.5
		},
		"(12,13)": {
			"length": 5,
			"stiffness": 10,
			"damping": 0.5
		},
		"(14,15)": {
			"length": 5,
			"stiffness": 10,
			"damping": 0.5
		},
		"(12,11)": {
			"length": 5,
			"stiffness": 10,
			"damping": 0.5
		},
		"(11,13)": {
			"length": 5,
			"stiffness": 10,
			"damping": 0.5
		},
		"(14,12)": {
			"length": 5,
			"stiffness": 10,
			"damping": 0.5
		},
		"(10,14)": {
			"length": 5,
			"stiffness": 10,
			"damping": 0.5
		},
		"(15,10)": {
			"length": 5,
			"stiffness": 10,
			"damping": 0.5
		},
		"(15,13)": {
			"length": 5,
			"stiffness": 10,
			"damping": 0.5
		},
		"(10,12)": {
			"length": 5,
			"stiffness": 10,
			"damping": 0.5
		},
		"(11,15)": {
			"length": 5,
			"stiffness": 10,
			"damping": 0.5
		},
		"(11,14)": {
			"length": 5,
			"stiffness": 10,
			"damping": 0.5
		},
		"(17,18)": {
			"length": 5,
			"stiffness": 10,
			"damping": 0.5
		},
		"(19,16)": {
			"length": 5,
			"stiffness": 10,
			"damping": 0.5
		},
		"(19,18)": {
			"length": 5,
			"stiffness": 10,
			"damping": 0.5
		},
		"(16,17)": {
			"length": 5,
			"stiffness": 10,
			"damping": 0.5
		},
		"(16,18)": {
			"length": 5,
			"stiffness": 10,
			"damping": 0.5
		},
		"(13,17)": {
			"length": 5,
			"stiffness": 10,
			"damping": 0.5
		},
		"(13,18)": {
			"length": 5,
			"stiffness": 10,
			"damping": 0.5
		},
		"(13,19)": {
			"length": 5,
			"stiffness": 10,
			"damping": 0.5
		},
		"(10,19)": {
			"length": 5,
			"stiffness": 10,
			"damping": 0.5
		},
		"(10,17)": {
			"length": 5,
			"stiffness": 10,
			"damping": 0.5
		},
		"(10,16)": {
			"length": 5,
			"stiffness": 10,
			"damping": 0.5
		},
		"(10,13)": {
			"length": 5,
			"stiffness": 10,
			"damping": 0.5
		}
	},
	"groups": {
		"0": [
			"(2,3)"
		],
		"1": [
			"(4,5)"
		],
		"2": [
			"(2,1)"
		],
		"3": [
			"(1,3)"
		],
		"4": [
			"(4,2)"
		],
		"5": [
			"(0,4)"
		],
		"6": [
			"(5,0)"
		],
		"7": [
			"(5,3)"
		],
		"8": [
			"(0,2)"
		],
		"9": [
			"(1,5)"
		],
		"10": [
			"(1,4)"
		],
		"11": [
			"(7,8)"
		],
		"12": [],
		"13": [],
		"14": [],
		"15": [],
		"16": [],
		"17": [
			"(9,6)"
		],
		"18": [
			"(9,8)"
		],
		"19": [
			"(6,7)"
		],
		"20": [
			"(6,8)"
		],
		"21": [],
		"22": [],
		"23": [
			"(3,7)"
		],
		"24": [
			"(3,8)"
		],
		"25": [
			"(3,9)"
		],
		"26": [],
		"27": [
			"(0,9)"
		],
		"28": [
			"(0,7)"
		],
		"29": [
			"(0,6)"
		],
		"30": [
			"(0,3)"
		],
		"31": [
			"(12,13)"
		],
		"32": [
			"(14,15)"
		],
		"33": [
			"(12,11)"
		],
		"34": [
			"(11,13)"
		],
		"35": [
			"(14,12)"
		],
		"36": [
			"(10,14)"
		],
		"37": [
			"(15,10)"
		],
		"38": [
			"(15,13)"
		],
		"39": [
			"(10,12)"
		],
		"40": [
			"(11,15)"
		],
		"41": [
			"(11,14)"
		],
		"42": [
			"(17,18)"
		],
		"43": [],
		"44": [],
		"45": [],
		"46": [],
		"47": [],
		"48": [
			"(19,16)"
		],
		"49": [
			"(19,18)"
		],
		"50": [
			"(16,17)"
		],
		"51": [
			"(16,18)"
		],
		"52": [],
		"53": [],
		"54": [
			"(13,17)"
		],
		"55": [
			"(13,18)"
		],
		"56": [
			"(13,19)"
		],
		"57": [],
		"58": [
			"(10,19)"
		],
		"59": [
			"(10,17)"
		],
		"60": [
			"(10,16)"
		],
		"61": [
			"(10,13)"
		]
	}
}