{
	"nodes": {
		"0": {
			"x": 5.688846111297607,
			"y": 3.708026885986328,
			"z": 0.7599131464958191
		},
		"1": {
			"x": 9.781533241271973,
			"y": -1.7417733669281006,
			"z": -1.1231346130371094
		},
		"2": {
			"x": 7.52103853225708,
			"y": 1.9905931949615479,
			"z": -3.565054416656494
		},
		"3": {
			"x": 4.859666347503662,
			"y": -1.0306727886199951,
			"z": -0.6022335886955261
		},
		"4": {
			"x": 10.610176086425781,
			"y": 2.9985272884368896,
			"z": 0.23458029329776764
		},
		"5": {
			"x": 7.949260234832764,
			"y": -0.023711800575256348,
			"z": 3.199523448944092
		},
		"6": {
			"x": 0.8988423347473145,
			"y": 4.810323715209961,
			"z": -0.15185733139514923
		},
		"7": {
			"x": 3.704662561416626,
			"y": 2.707242012023926,
			"z": -3.717787504196167
		},
		"8": {
			"x": 5.870351314544678,
			"y": 3.6977651119232178,
			"z": 11.076608657836914
		},
		"9": {
			"x": 11.716096878051758,
			"y": 0.23461607098579407,
			"z": 9.118617057800293
		},
		"10": {
			"x": 8.422710418701172,
			"y": 3.201876163482666,
			"z": 6.80583381652832
		},
		"11": {
			"x": 6.83887243270874,
			"y": -0.8577683568000793,
			"z": 9.257521629333496
		},
		"12": {
			"x": 10.747576713562012,
			"y": 4.790143013000488,
			"z": 10.93771743774414
		},
		"13": {
			"x": 9.163737297058105,
			"y": 0.7305035591125488,
			"z": 13.389400482177734
		},
		"14": {
			"x": 0.9678189754486084,
			"y": 2.8610780239105225,
			"z": 10.5617094039917
		},
		"15": {
			"x": 4.019824981689453,
			"y": 2.333390712738037,
			"z": 6.636560916900635
		},
		"16": {
			"x": 1.9363404512405396,
			"y": -1.6944584846496582,
			"z": 8.74263858795166
		},
		"17": {
			"x": 3.7868714332580566,
			"y": -0.33007970452308655,
			"z": 13.182685852050781
		},
		"18": {
			"x": -0.8930273056030273,
			"y": -2.925489664077759,
			"z": 2.3628368377685547
		},
		"19": {
			"x": -2.512714147567749,
			"y": 1.002547264099121,
			"z": 4.9975714683532715
		},
		"20": {
			"x": -4.496845245361328,
			"y": 0.008906456641852856,
			"z": 0.516963541507721
		},
		"21": {
			"x": 0.06925256550312042,
			"y": 0.07372988015413284,
			"z": -1.5187427997589111
		},
		"22": {
			"x": 2.053524971008301,
			"y": 1.0709677934646606,
			"z": 2.961103677749634
		},
		"23": {
			"x": -1.550057053565979,
			"y": 4.003411293029785,
			"z": 1.1155123710632324
		}
	},
	"edges": {
		"(2,3)": {
			"length": 5,
			"stiffness": 10,
			"damping": 0.5
		},
		"(4,5)": {
			"length": 5,
			"stiffness": 10,
			"damping": 0.5
		},
		"(2,1)": {
			"length": 5,
			"stiffness": 10,
			"damping": 0.5
		},
		"(1,3)": {
			"length": 5,
			"stiffness": 10,
			"damping": 0.5
		},
		"(4,2)": {
			"length": 5,
			"stiffness": 10,
			"damping": 0.5
		},
		"(0,4)": {
			"length": 5,
			"stiffness": 10,
			"damping": 0.5
		},
		"(5,0)": {
			"length": 5,
			"stiffness": 10,
			"damping": 0.5
		},
		"(5,3)": {
			"length": 5,
			"stiffness": 10,
			"damping": 0.5
		},
		"(0,2)": {
			"length": 5,
			"stiffness": 10,
			"damping": 0.5
		},
		"(1,5)": {
			"length": 5,
			"stiffness": 10,
			"damping": 0.5
		},
		"(1,4)": {
			"length": 5,
			"stiffness": 10,
			"damping": 0.5
		},
		"(6,7)": {
			"length": 5,
			"stiffness": 10,
			"damping": 0.5
		},
		"(3,7)": {
			"length": 5,
			"stiffness": 10,
			"damping": 0.5
		},
		"(0,7)": {
			"length": 5,
			"stiffness": 10,
			"damping": 0.5
		},
		"(0,6)": {
			"length": 5,
			"stiffness": 10,
			"damping": 0.5
		},
		"(0,3)": {
			"length": 5,
			"stiffness": 10,
			"damping": 0.5
		},
		"(10,11)": {
			"length": 5,
			"stiffness": 10,
			"damping": 0.5
		},
		"(12,13)": {
			"length": 5,
			"stiffness": 10,
			"damping": 0.5
		},
		"(10,9)": {
			"length": 5,
			"stiffness": 10,
			"damping": 0.5
		},
		"(9,11)": {
			"length": 5,
			"stiffness": 10,
			"damping": 0.5
		},
		"(12,10)": {
			"length": 5,
			"stiffness": 10,
			"damping": 0.5
		},
		"(8,12)": {
			"length": 5,
			"stiffness": 10,
			"damping": 0.5
		},
		"(13,8)": {
			"length": 5,
			"stiffness": 10,
			"damping": 0.5
		},
		"(13,11)": {
			"length": 5,
			"stiffness": 10,
			"damping": 0.5
		},
		"(8,10)": {
			"length": 5,
			"stiffness": 10,
			"damping": 0.5
		},
		"(9,13)": {
			"length": 5,
			"stiffness": 10,
			"damping": 0.5
		},
		"(9,12)": {
			"length": 5,
			"stiffness": 10,
			"damping": 0.5
		},
		"(15,16)": {
			"length": 5,
			"stiffness": 10,
			"damping": 0.5
		},
		"(17,14)": {
			"length": 5,
			"stiffness": 10,
			"damping": 0.5
		},
		"(17,16)": {
			"length": 5,
			"stiffness": 10,
			"damping": 0.5
		},
		"(14,15)": {
			"length": 5,
			"stiffness": 10,
			"damping": 0.5
		},
		"(14,16)": {
			"length": 5,
			"stiffness": 10,
			"damping": 0.5
		},
		"(11,15)": {
			"length": 5,
			"stiffness": 10,
			"damping": 0.5
		},
		"(11,16)": {
			"length": 5,
			"stiffness": 10,
			"damping": 0.5
		},
		"(11,17)": {
			"length": 5,
			"stiffness": 10,
			"damping": 0.5
		},
		"(8,17)": {
			"length": 5,
			"stiffness": 10,
			"damping": 0.5
		},
		"(8,15)": {
			"length": 5,
			"stiffness": 10,
			"damping": 0.5
		},
		"(8,14)": {
			"length": 5,
			"stiffness": 10,
			"damping": 0.5
		},
		"(8,11)": {
			"length": 5,
			"stiffness": 10,
			"damping": 0.5
		},
		"(19,18)": {
			"length": 5,
			"stiffness": 10,
			"damping": 0.5
		},
		"(18,20)": {
			"length": 5,
			"stiffness": 10,
			"damping": 0.5
		},
		"(19,20)": {
			"length": 5,
			"stiffness": 10,
			"damping": 0.5
		},
		"(23,22)": {
			"length": 5,
			"stiffness": 10,
			"damping": 0.5
		},
		"(22,19)": {
			"length": 5,
			"stiffness": 10,
			"damping": 0.5
		},
		"(23,21)": {
			"length": 5,
			"stiffness": 10,
			"damping": 0.5
		},
		"(21,22)": {
			"length": 5,
			"stiffness": 10,
			"damping": 0.5
		},
		"(18,22)": {
			"length": 5,
			"stiffness": 10,
			"damping": 0.5
		},
		"(21,20)": {
			"length": 5,
			"stiffness": 10,
			"damping": 0.5
		},
		"(20,23)": {
			"length": 5,
			"stiffness": 10,
			"damping": 0.5
		},
		"(19,23)": {
			"length": 5,
			"stiffness": 10,
			"damping": 0.5
		},
		"(21,18)": {
			"length": 5,
			"stiffness": 10,
			"damping": 0.5
		},
		"(21,23)": {
			"length": 5,
			"stiffness": 10,
			"damping": 0.5
		},
		"(22,6)": {
			"length": 5,
			"stiffness": 10,
			"damping": 0.5
		},
		"(22,3)": {
			"length": 5,
			"stiffness": 10,
			"damping": 0.5
		},
		"(22,0)": {
			"length": 5,
			"stiffness": 10,
			"damping": 0.5
		},
		"(21,7)": {
			"length": 5,
			"stiffness": 10,
			"damping": 0.5
		},
		"(21,6)": {
			"length": 5,
			"stiffness": 10,
			"damping": 0.5
		},
		"(21,3)": {
			"length": 5,
			"stiffness": 10,
			"damping": 0.5
		}
	},
	"groups": {
		"0": [
			"(2,3)"
		],
		"1": [
			"(4,5)"
		],
		"2": [
			"(2,1)"
		],
		"3": [
			"(1,3)"
		],
		"4": [
			"(4,2)"
		],
		"5": [
			"(0,4)"
		],
		"6": [
			"(5,0)"
		],
		"7": [
			"(5,3)"
		],
		"8": [
			"(0,2)"
		],
		"9": [
			"(1,5)"
		],
		"10": [
			"(1,4)"
		],
		"11": [],
		"12": [],
		"13": [],
		"14": [],
		"15": [],
		"16": [],
		"17": [],
		"18": [],
		"19": [
			"(6,7)"
		],
		"20": [],
		"21": [],
		"22": [],
		"23": [
			"(3,7)"
		],
		"24": [],
		"25": [],
		"26": [],
		"27": [],
		"28": [
			"(0,7)"
		],
		"29": [
			"(0,6)"
		],
		"30": [
			"(0,3)"
		],
		"31": [
			"(10,11)"
		],
		"32": [
			"(12,13)"
		],
		"33": [
			"(10,9)"
		],
		"34": [
			"(9,11)"
		],
		"35": [
			"(12,10)"
		],
		"36": [
			"(8,12)"
		],
		"37": [
			"(13,8)"
		],
		"38": [
			"(13,11)"
		],
		"39": [
			"(8,10)"
		],
		"40": [
			"(9,13)"
		],
		"41": [
			"(9,12)"
		],
		"42": [
			"(15,16)"
		],
		"43": [],
		"44": [],
		"45": [],
		"46": [],
		"47": [],
		"48": [
			"(17,14)"
		],
		"49": [
			"(17,16)"
		],
		"50": [
			"(14,15)"
		],
		"51": [
			"(14,16)"
		],
		"52": [],
		"53": [],
		"54": [
			"(11,15)"
		],
		"55": [
			"(11,16)"
		],
		"56": [
			"(11,17)"
		],
		"57": [],
		"58": [
			"(8,17)"
		],
		"59": [
			"(8,15)"
		],
		"60": [
			"(8,14)"
		],
		"61": [
			"(8,11)"
		],
		"62": [
			"(19,18)"
		],
		"63": [
			"(18,20)"
		],