{
	"nodes": {
		"0": {
			"x": -6.143327713012695,
			"y": 2.6811482906341553,
			"z": 4.490434646606445
		},
		"1": {
			"x": -3.5441982746124268,
			"y": 1.098002552986145,
			"z": 0.5232970118522644
		},
		"2": {
			"x": -3.143789529800415,
			"y": 5.8448486328125,
			"z": 2.0422170162200928
		},
		"3": {
			"x": -1.179653525352478,
			"y": 2.164057493209839,
			"z": 4.797926425933838
		}
	},
	"edges": {
		"(0,1)": {
			"length": 5,
			"stiffness": 10,
			"damping": 0.5
		},
		"(2,0)": {
			"length": 5,
			"stiffness": 10,
			"damping": 0.5
		},
		"(2,1)": {
			"length": 5,
			"stiffness": 10,
			"damping": 0.5
		},
		"(3,2)": {
			"length": 5,
			"stiffness": 10,
			"damping": 0.5
		},
		"(3,1)": {
			"length": 5,
			"stiffness": 10,
			"damping": 0.5
		},
		"(0,3)": {
			"length": 5,
			"stiffness": 10,
			"damping": 0.5
		}
	},
	"groups": {
		"0": [
			"(0,1)"
		],
		"1": [
			"(2,0)"
		],
		"2": [
			"(2,1)"
		],
		"3": [
			"(3,2)"
		],
		"4": [
			"(3,1)"
		],
		"5": [
			"(0,3)"
		]
	}
}