{
	"nodes": {
		"0": {
			"x": 29.5572509765625,
			"y": -5.31110143661499,
			"z": 4.9916791915893555
		},
		"1": {
			"x": 34.915977478027344,
			"y": -3.2856407165527344,
			"z": 7.410464763641357
		},
		"2": {
			"x": 30.998395919799805,
			"y": -6.628305435180664,
			"z": 10.895755767822266
		},
		"3": {
			"x": 29.527494430541992,
			"y": -0.8068221211433411,
			"z": 9.278555870056152
		},
		"4": {
			"x": 21.840116500854492,
			"y": -2.330645799636841,
			"z": 1.889905571937561
		},
		"5": {
			"x": 27.21493911743164,
			"y": 0.28128519654273987,
			"z": 3.6096203327178955
		},
		"6": {
			"x": 24.18775177001953,
			"y": -3.4740610122680664,
			"z": 7.533794403076172
		},
		"7": {
			"x": 21.749998092651367,
			"y": 2.037618637084961,
			"z": 6.001668453216553
		},
		"8": {
			"x": 14.721084594726562,
			"y": -0.12181956321001053,
			"z": -1.7985337972640991
		},
		"9": {
			"x": 19.51816749572754,
			"y": 3.2204811573028564,
			"z": 0.3193683326244354
		},
		"10": {
			"x": 16.363962173461914,
			"y": -0.4872745871543884,
			"z": 4.188194274902344
		},
		"11": {
			"x": 13.715843200683594,
			"y": 4.696586608886719,
			"z": 2.000966787338257
		},
		"12": {
			"x": 7.375065803527832,
			"y": 2.0237157344818115,
			"z": -6.28479528427124
		},
		"13": {
			"x": 12.262730598449707,
			"y": 5.136905670166016,
			"z": -4.029224395751953
		},
		"14": {
			"x": 8.907316207885742,
			"y": 1.481142282485962,
			"z": -0.2821809947490692
		},
		"15": {
			"x": 6.495394229888916,
			"y": 6.804280757904053,
			"z": -2.4071145057678223
		},
		"16": {
			"x": -0.39867404103279114,
			"y": 4.170262336730957,
			"z": -10.245429039001465
		},
		"17": {
			"x": 4.66519021987915,
			"y": 7.232135772705078,
			"z": -8.334681510925293
		},
		"18": {
			"x": 1.6303762197494507,
			"y": 3.486832857131958,
			"z": -4.406914710998535
		},
		"19": {
			"x": -1.052363395690918,
			"y": 8.730241775512695,
			"z": -6.401412487030029
		},
		"20": {
			"x": -8.325957298278809,
			"y": 5.836322784423828,
			"z": -13.797384262084961
		},
		"21": {
			"x": -3.4184818267822266,
			"y": 9.270565032958984,
			"z": -12.126635551452637
		},
		"22": {
			"x": -6.06689453125,
			"y": 5.426946640014648,
			"z": -8.018192291259766
		},
		"23": {
			"x": -9.050169944763184,
			"y": 10.57226848602295,
			"z": -9.83323860168457
		}
	},
	"edges": {
		"(4,7)": {
			"length": 6,
			"stiffness": 10,
			"damping": 0.5
		},
		"(16,19)": {
			"length": 6,
			"stiffness": 10,
			"damping": 0.5
		},
		"(11,14)": {
			"length": 6.21841796875,
			"stiffness": 10,
			"damping": 0.5
		},
		"(11,13)": {
			"length": 6.21841796875,
			"stiffness": 10,
			"damping": 0.5
		},
		"(8,13)": {
			"length": 6.21841796875,
			"stiffness": 10,
			"damping": 0.5
		},
		"(8,14)": {
			"length": 6.21841796875,
			"stiffness": 10,
			"damping": 0.5
		},
		"(4,10)": {
			"length": 6.21841796875,
			"stiffness": 10,
			"damping": 0.5
		},
		"(4,9)": {
			"length": 6.21841796875,
			"stiffness": 10,
			"damping": 0.5
		},
		"(7,9)": {
			"length": 6.21841796875,
			"stiffness": 10,
			"damping": 0.5
		},
		"(7,10)": {
			"length": 6.21841796875,
			"stiffness": 10,
			"damping": 0.5
		},
		"(9,10)": {
			"length": 6.21841796875,
			"stiffness": 10,
			"damping": 0.5
		},
		"(10,11)": {
			"length": 6.21841796875,
			"stiffness": 10,
			"damping": 0.5
		},
		"(8,9)": {
			"length": 6.21841796875,
			"stiffness": 10,
			"damping": 0.5
		},
		"(9,11)": {
			"length": 6.21841796875,
			"stiffness": 10,
			"damping": 0.5
		},
		"(8,10)": {
			"length": 6.21841796875,
			"stiffness": 10,
			"damping": 0.5
		},
		"(8,11)": {
			"length": 6.21841796875,
			"stiffness": 10,
			"damping": 0.5
		},
		"(3,5)": {
			"length": 6.21841796875,
			"stiffness": 10,
			"damping": 0.5
		},
		"(3,6)": {
			"length": 6.21841796875,
			"stiffness": 10,
			"damping": 0.5
		},
		"(2,3)": {
			"length": 6.21841796875,
			"stiffness": 10,
			"damping": 0.5
		},
		"(1,3)": {
			"length": 6.21841796875,
			"stiffness": 10,
			"damping": 0.5
		},
		"(1,2)": {
			"length": 6.21841796875,
			"stiffness": 10,
			"damping": 0.5
		},
		"(0,1)": {
			"length": 6.21841796875,
			"stiffness": 10,
			"damping": 0.5
		},
		"(0,2)": {
			"length": 6.21841796875,
			"stiffness": 10,
			"damping": 0.5
		},
		"(0,5)": {
			"length": 6.21841796875,
			"stiffness": 10,
			"damping": 0.5
		},
		"(0,3)": {
			"length": 6.21841796875,
			"stiffness": 10,
			"damping": 0.5
		},
		"(0,6)": {
			"length": 6.21841796875,
			"stiffness": 10,
			"damping": 0.5
		},
		"(5,6)": {
			"length": 6.21841796875,
			"stiffness": 10,
			"damping": 0.5
		},
		"(6,7)": {
			"length": 6.21841796875,
			"stiffness": 10,
			"damping": 0.5
		},
		"(5,7)": {
			"length": 6.21841796875,
			"stiffness": 10,
			"damping": 0.5
		},
		"(4,5)": {
			"length": 6.21841796875,
			"stiffness": 10,
			"damping": 0.5
		},
		"(4,6)": {
			"length": 6.21841796875,
			"stiffness": 10,
			"damping": 0.5
		},
		"(16,22)": {
			"length": 6.21841796875,
			"stiffness": 10,
			"damping": 0.5
		},
		"(16,21)": {
			"length": 6.21841796875,
			"stiffness": 10,
			"damping": 0.5
		},
		"(19,21)": {
			"length": 6.21841796875,
			"stiffness": 10,
			"damping": 0.5
		},
		"(19,22)": {
			"length": 6.21841796875,
			"stiffness": 10,
			"damping": 0.5
		},
		"(21,22)": {
			"length": 6.21841796875,
			"stiffness": 10,
			"damping": 0.5
		},
		"(22,23)": {
			"length": 6.21841796875,
			"stiffness": 10,
			"damping": 0.5
		},
		"(20,21)": {
			"length": 6.21841796875,
			"stiffness": 10,
			"damping": 0.5
		},
		"(21,23)": {
			"length": 6.21841796875,
			"stiffness": 10,
			"damping": 0.5
		},
		"(20,22)": {
			"length": 6.21841796875,
			"stiffness": 10,
			"damping": 0.5
		},
		"(20,23)": {
			"length": 6.21841796875,
			"stiffness": 10,
			"damping": 0.5
		},
		"(15,17)": {
			"length": 6.21841796875,
			"stiffness": 10,
			"damping": 0.5
		},
		"(15,18)": {
			"length": 6.21841796875,
			"stiffness": 10,
			"damping": 0.5
		},
		"(14,15)": {
			"length": 6.21841796875,
			"stiffness": 10,
			"damping": 0.5
		},
		"(13,15)": {
			"length": 6.21841796875,
			"stiffness": 10,
			"damping": 0.5
		},
		"(13,14)": {
			"length": 6.21841796875,
			"stiffness": 10,
			"damping": 0.5
		},
		"(12,13)": {
			"length": 6.21841796875,
			"stiffness": 10,
			"damping": 0.5
		},
		"(12,14)": {
			"length": 6.21841796875,
			"stiffness": 10,
			"damping": 0.5
		},
		"(12,17)": {
			"length": 6.21841796875,
			"stiffness": 10,
			"damping": 0.5
		},
		"(12,15)": {
			"length": 6.21841796875,
			"stiffness": 10,
			"damping": 0.5
		},
		"(12,18)": {
			"length": 6.21841796875,
			"stiffness": 10,
			"damping": 0.5
		},
		"(17,18)": {
			"length": 6.21841796875,
			"stiffness": 10,
			"damping": 0.5
		},
		"(18,19)": {
			"length": 6.21841796875,
			"stiffness": 10,
			"damping": 0.5
		},
		"(17,19)": {
			"length": 6.21841796875,
			"stiffness": 10,
			"damping": 0.5
		},
		"(16,17)": {
			"length": 6.21841796875,
			"stiffness": 10,
			"damping": 0.5
		},
		"(16,18)": {
			"length": 6.21841796875,
			"stiffness": 10,
			"damping": 0.5
		}
	},
	"groups": {
		"0": [
			"(4,7)"
		],
		"1": [],
		"2": [
			"(16,19)"
		],
		"3": [],
		"4": [
			"(11,14)",
			"(11,13)",
			"(8,13)",
			"(8,14)",
			"(4,10)",
			"(4,9)",
			"(7,9)",
			"(7,10)",
			"(9,10)",
			"(10,11)",
			"(8,9)",
			"(9,11)",
			"(8,10)",
			"(8,11)",
			"(3,5)",
			"(3,6)",
			"(2,3)",
			"(1,3)",
			"(1,2)",
			"(0,1)",
			"(0,2)",
			"(0,5)",
			"(0,3)",
			"(0,6)",
			"(5,6)",
			"(6,7)",
			"(5,7)",
			"(4,5)",
			"(4,6)",
			"(16,22)",
			"(16,21)",
			"(19,21)",
			"(19,22)",
			"(21,22)",
			"(22,23)",
			"(20,21)",
			"(21,23)",
			"(20,22)",
			"(20,23)",
			"(15,17)",
			"(15,18)",
			"(14,15)",
			"(13,15)",
			"(13,14)",
			"(12,13)",
			"(12,14)",
			"(12,17)",
			"(12,15)",
			"(12,18)",
			"(17,18)",
			"(18,19)",
			"(17,19)",
			"(16,17)",
			"(16,18)"
		]
	}
}