{
	"nodes": {
		"0": {
			"x": 0.985133945941925,
			"y": -0.2312847524881363,
			"z": -0.38145965337753296
		},
		"1": {
			"x": 3.22068452835083,
			"y": 5.270462512969971,
			"z": -1.1971780061721802
		},
		"2": {
			"x": 6.034979820251465,
			"y": 1.405372977256775,
			"z": 2.4121451377868652
		},
		"3": {
			"x": 0.7381651997566223,
			"y": 3.72046160697937,
			"z": 4.068444728851318
		},
		"4": {
			"x": -1.12008798122406,
			"y": -0.9365081191062927,
			"z": 4.102126121520996
		},
		"5": {
			"x": -3.013047218322754,
			"y": 2.452350378036499,
			"z": 0.9708199501037598
		},
		"6": {
			"x": -3.3141086101531982,
			"y": -0.9350792169570923,
			"z": -2.726675271987915
		},
		"7": {
			"x": -0.8258548974990845,
			"y": 3.3599345684051514,
			"z": -3.433493137359619
		},
		"8": {
			"x": 3.6642725467681885,
			"y": 1.3103117942810059,
			"z": -4.257950305938721
		},
		"9": {
			"x": 1.661641240119934,
			"y": 4.2126359939575195,
			"z": -7.736527919769287
		},
		"10": {
			"x": -0.4165411591529846,
			"y": -0.23678085207939148,
			"z": -6.7920074462890625
		},
		"11": {
			"x": -4.787977695465088,
			"y": 2.1586835384368896,
			"z": -6.299943923950195
		},
		"12": {
			"x": 2.202507495880127,
			"y": 0.4141656160354614,
			"z": -10.988974571228027
		},
		"13": {
			"x": -2.187485694885254,
			"y": 2.7121331691741943,
			"z": -10.486710548400879
		},
		"14": {
			"x": -4.339345932006836,
			"y": -1.6768724918365479,
			"z": -9.51723575592041
		}
	},
	"edges": {
		"(0,1)": {
			"length": 6,
			"stiffness": 10,
			"damping": 0.5
		},
		"(0,2)": {
			"length": 6,
			"stiffness": 10,
			"damping": 0.5
		},
		"(0,3)": {
			"length": 6,
			"stiffness": 10,
			"damping": 0.5
		},
		"(1,2)": {
			"length": 6,
			"stiffness": 10,
			"damping": 0.5
		},
		"(1,3)": {
			"length": 6,
			"stiffness": 10,
			"damping": 0.5
		},
		"(2,3)": {
			"length": 6,
			"stiffness": 10,
			"damping": 0.5
		},
		"(1,7)": {
			"length": 5,
			"stiffness": 10,
			"damping": 0.5
		},
		"(7,8)": {
			"length": 5,
			"stiffness": 10,
			"damping": 0.5
		},
		"(8,1)": {
			"length": 5,
			"stiffness": 10,
			"damping": 0.5
		},
		"(7,0)": {
			"length": 5,
			"stiffness": 10,
			"damping": 0.5
		},
		"(8,0)": {
			"length": 5,
			"stiffness": 10,
			"damping": 0.5
		},
		"(7,6)": {
			"length": 5,
			"stiffness": 10,
			"damping": 0.5
		},
		"(6,5)": {
			"length": 5,
			"stiffness": 10,
			"damping": 0.5
		},
		"(5,7)": {
			"length": 5,
			"stiffness": 10,
			"damping": 0.5
		},
		"(5,0)": {
			"length": 5,
			"stiffness": 10,
			"damping": 0.5
		},
		"(0,6)": {
			"length": 5,
			"stiffness": 10,
			"damping": 0.5
		},
		"(0,4)": {
			"length": 5,
			"stiffness": 10,
			"damping": 0.5
		},
		"(5,4)": {
			"length": 5,
			"stiffness": 10,
			"damping": 0.5
		},
		"(4,3)": {
			"length": 5,
			"stiffness": 10,
			"damping": 0.5
		},
		"(3,5)": {
			"length": 5,
			"stiffness": 10,
			"damping": 0.5
		},
		"(7,10)": {
			"length": 5,
			"stiffness": 10,
			"damping": 0.5
		},
		"(10,9)": {
			"length": 5,
			"stiffness": 10,
			"damping": 0.5
		},
		"(9,12)": {
			"length": 5,
			"stiffness": 10,
			"damping": 0.5
		},
		"(12,13)": {
			"length": 5,
			"stiffness": 10,
			"damping": 0.5
		},
		"(10,13)": {
			"length": 5,
			"stiffness": 10,
			"damping": 0.5
		},
		"(10,11)": {
			"length": 5,
			"stiffness": 10,
			"damping": 0.5
		},
		"(11,14)": {
			"length": 5,
			"stiffness": 10,
			"damping": 0.5
		},
		"(14,13)": {
			"length": 5,
			"stiffness": 10,
			"damping": 0.5
		},
		"(11,6)": {
			"length": 5,
			"stiffness": 10,
			"damping": 0.5
		},
		"(8,9)": {
			"length": 5,
			"stiffness": 10,
			"damping": 0.5
		},
		"(8,10)": {
			"length": 5,
			"stiffness": 10,
			"damping": 0.5
		},
		"(9,7)": {
			"length": 5,
			"stiffness": 10,
			"damping": 0.5
		},
		"(9,13)": {
			"length": 5,
			"stiffness": 10,
			"damping": 0.5
		},
		"(12,10)": {
			"length": 5,
			"stiffness": 10,
			"damping": 0.5
		},
		"(10,14)": {
			"length": 5,
			"stiffness": 10,
			"damping": 0.5
		},
		"(10,6)": {
			"length": 5,
			"stiffness": 10,
			"damping": 0.5
		},
		"(7,11)": {
			"length": 5,
			"stiffness": 10,
			"damping": 0.5
		},
		"(11,13)": {
			"length": 5,
			"stiffness": 10,
			"damping": 0.5
		},
		"(7,13)": {
			"length": 7.1948828125,
			"stiffness": 10,
			"damping": 0.5
		},
		"(1,5)": {
			"length": 7.1948828125,
			"stiffness": 10,
			"damping": 0.5
		}
	},
	"groups": {
		"0": [
			"(0,1)"
		],
		"1": [
			"(0,2)"
		],
		"2": [
			"(0,3)"
		],
		"3": [
			"(1,2)"
		],
		"4": [
			"(1,3)"
		],
		"5": [
			"(2,3)"
		],
		"6": [
			"(1,7)"
		],
		"7": [
			"(7,8)"
		],
		"8": [
			"(8,1)"
		],
		"9": [
			"(7,0)"
		],
		"10": [
			"(8,0)"
		],
		"11": [
			"(7,6)"
		],
		"12": [
			"(6,5)"
		],
		"13": [
			"(5,7)"
		],
		"14": [
			"(5,0)"
		],
		"15": [
			"(0,6)"
		],
		"16": [
			"(0,4)"
		],
		"17": [
			"(5,4)"
		],
		"18": [
			"(4,3)"
		],
		"19": [
			"(3,5)"
		],
		"20": [
			"(7,10)"
		],
		"21": [
			"(10,9)"
		],
		"22": [
			"(9,12)"
		],
		"23": [
			"(12,13)"
		],
		"24": [
			"(10,13)"
		],
		"25": [
			"(10,11)"
		],
		"26": [
			"(11,14)"
		],
		"27": [
			"(14,13)"
		],
		"28": [
			"(11,6)"
		],
		"29": [
			"(8,9)"
		],
		"30": [
			"(8,10)"
		],
		"31": [
			"(9,7)"
		],
		"32": [
			"(9,13)"
		],
		"33": [
			"(12,10)"
		],
		"34": [
			"(10,14)"
		],
		"35": [
			"(10,6)"
		],
		"36": [
			"(7,11)"
		],
		"37": [
			"(11,13)"
		],
		"38": [
			"(7,13)",
			"(1,5)"
		]
	}
}