{
	"nodes": {
		"0": {
			"x": 9.792290687561035,
			"y": -3.132194995880127,
			"z": 5.553310394287109
		},
		"1": {
			"x": 18.12093162536621,
			"y": -1.3552289009094238,
			"z": 7.659981727600098
		},
		"2": {
			"x": 13.539695739746094,
			"y": -7.144111633300781,
			"z": 12.370814323425293
		},
		"3": {
			"x": 11.610762596130371,
			"y": 1.3971829414367676,
			"z": 12.820353507995605
		},
		"4": {
			"x": 2.3567276000976562,
			"y": 3.132760524749756,
			"z": 1.2309975624084473
		},
		"5": {
			"x": 9.718130111694336,
			"y": 5.605896949768066,
			"z": 5.35593318939209
		},
		"6": {
			"x": 3.4418153762817383,
			"y": 1.3099573850631714,
			"z": 9.687978744506836
		},
		"7": {
			"x": 1.38872230052948,
			"y": 8.086651802062988,
			"z": 4.4652814865112305
		},
		"8": {
			"x": -10.241833686828613,
			"y": 2.036386251449585,
			"z": -3.042153835296631
		},
		"9": {
			"x": -3.8059329986572266,
			"y": 7.980930328369141,
			"z": -2.6212027072906494
		},
		"10": {
			"x": -5.841667175292969,
			"y": 3.2054603099823,
			"z": 4.428312301635742
		},
		"11": {
			"x": -11.356948852539062,
			"y": 9.399794578552246,
			"z": 1.5656888484954834
		}
	},
	"edges": {
		"(4,7)": {
			"length": 6,
			"stiffness": 10,
			"damping": 0.5
		},
		"(4,10)": {
			"length": 8.759335937500001,
			"stiffness": 10,
			"damping": 0.5
		},
		"(4,9)": {
			"length": 8.759335937500001,
			"stiffness": 10,
			"damping": 0.5
		},
		"(7,9)": {
			"length": 8.759335937500001,
			"stiffness": 10,
			"damping": 0.5
		},
		"(7,10)": {
			"length": 8.759335937500001,
			"stiffness": 10,
			"damping": 0.5
		},
		"(9,10)": {
			"length": 8.759335937500001,
			"stiffness": 10,
			"damping": 0.5
		},
		"(10,11)": {
			"length": 8.759335937500001,
			"stiffness": 10,
			"damping": 0.5
		},
		"(8,9)": {
			"length": 8.759335937500001,
			"stiffness": 10,
			"damping": 0.5
		},
		"(9,11)": {
			"length": 8.759335937500001,
			"stiffness": 10,
			"damping": 0.5
		},
		"(8,10)": {
			"length": 8.759335937500001,
			"stiffness": 10,
			"damping": 0.5
		},
		"(8,11)": {
			"length": 8.759335937500001,
			"stiffness": 10,
			"damping": 0.5
		},
		"(3,5)": {
			"length": 8.759335937500001,
			"stiffness": 10,
			"damping": 0.5
		},
		"(3,6)": {
			"length": 8.759335937500001,
			"stiffness": 10,
			"damping": 0.5
		},
		"(2,3)": {
			"length": 8.759335937500001,
			"stiffness": 10,
			"damping": 0.5
		},
		"(1,3)": {
			"length": 8.759335937500001,
			"stiffness": 10,
			"damping": 0.5
		},
		"(1,2)": {
			"length": 8.759335937500001,
			"stiffness": 10,
			"damping": 0.5
		},
		"(0,1)": {
			"length": 8.759335937500001,
			"stiffness": 10,
			"damping": 0.5
		},
		"(0,2)": {
			"length": 8.759335937500001,
			"stiffness": 10,
			"damping": 0.5
		},
		"(0,5)": {
			"length": 8.759335937500001,
			"stiffness": 10,
			"damping": 0.5
		},
		"(0,3)": {
			"length": 8.759335937500001,
			"stiffness": 10,
			"damping": 0.5
		},
		"(0,6)": {
			"length": 8.759335937500001,
			"stiffness": 10,
			"damping": 0.5
		},
		"(5,6)": {
			"length": 8.759335937500001,
			"stiffness": 10,
			"damping": 0.5
		},
		"(6,7)": {
			"length": 8.759335937500001,
			"stiffness": 10,
			"damping": 0.5
		},
		"(5,7)": {
			"length": 8.759335937500001,
			"stiffness": 10,
			"damping": 0.5
		},
		"(4,5)": {
			"length": 8.759335937500001,
			"stiffness": 10,
			"damping": 0.5
		},
		"(4,6)": {
			"length": 8.759335937500001,
			"stiffness": 10,
			"damping": 0.5
		}
	},
	"groups": {
		"0": [
			"(4,7)"
		],
		"1": [
			"(4,10)",
			"(4,9)",
			"(7,9)",
			"(7,10)",
			"(9,10)",
			"(10,11)",
			"(8,9)",
			"(9,11)",
			"(8,10)",
			"(8,11)",
			"(3,5)",
			"(3,6)",
			"(2,3)",
			"(1,3)",
			"(1,2)",
			"(0,1)",
			"(0,2)",
			"(0,5)",
			"(0,3)",
			"(0,6)",
			"(5,6)",
			"(6,7)",
			"(5,7)",
			"(4,5)",
			"(4,6)"
		],
		"2": []
	}
}